Incident Date,State,City Or County,Address,# Killed,# Injured
12/31/16,Texas,Houston,3704 Fannin Street,1,3
12/31/16,Georgia,Lenox (El Dorado),Briarwood Court,2,2
12/30/16,Ohio,Mansfield,3230 Possum Run Rd,0,5
12/30/16,Connecticut,Wallingford,95 S Turnpike Road,2,2
12/28/16,Georgia,Columbus,2914 10th Street,1,4
12/25/16,Alabama,Ozark,858 US-231,0,4
12/25/16,Illinois,Chicago,8600 block of South Maryland Avenue,3,4
12/25/16,New York,Mount Vernon,4 North 3rd Avenue,1,5
12/24/16,North Carolina,Madison,490 K Ford Road,0,7
12/24/16,North Carolina,Wilson,2241 Banks Lane East,4,0
12/23/16,Alabama,Birmingham,3813 Richard Arrington Boulevard North,1,3
12/23/16,Illinois,Chicago,4900 block of West Hubbard,0,4
12/17/16,North Carolina,Charlotte,4115 N. Tryon Street,0,4
12/17/16,Illinois,Chicago (Roseland),100 block of West 105th Street,4,1
12/16/16,Illinois,Chicago,4300 block of South Rockwell,2,2
12/16/16,Illinois,Chicago,13th and South Kedzie,0,4
12/12/16,California,Sacramento,4800 block of Myrtle Avenue,1,3
12/11/16,Florida,Orlando (Pine Hills),4305 N Pine Hills Rd,1,4
12/11/16,Maryland,Baltimore,3916 South Hanover Street,0,5
12/11/16,New York,Brooklyn,Knickerbocker Ave.,0,4
12/11/16,North Carolina,Rocky Mount,1200 block of East Highland Ave,0,4
12/9/16,Texas,Channelview,15300 block of Market,4,0
12/9/16,California,Fresno,842 Fresno Street,0,4
12/5/16,New Mexico,Albuquerque,1532 Stagecoach Lane,4,1
12/3/16,California,Los Angeles,91st Street and Western Avenue,0,6
12/2/16,New Jersey,Bloomfield,3 1st Ave,0,6
12/1/16,California,Clearlake Oaks,N/A,1,3
11/30/16,Maryland,Baltimore,2901 Garrison Blvd,2,4
11/28/16,Texas,Mission (Palmview),1840 West Palma Vista Drive,1,3
11/28/16,California,Wilmington,1067 McDonald Avenue,0,4
11/28/16,California,San Pedro,300 block of West 2nd Street,0,4
11/27/16,Louisiana,New Orleans,100 block of Bourbon Street,1,9
11/27/16,Missouri,Kansas City,Gregory and Prospect,0,7
11/26/16,Illinois,Chicago,8800 block of South Exchange Avenue,1,5
11/25/16,Louisiana,New Orleans,Magnolia Street and Felicity Street,0,4
11/24/16,Kentucky,Louisville,4501 W Broadway,2,5
11/24/16,New York,Albany,77 Central Avenue,1,3
11/23/16,Mississippi,Olive Branch,928 Cross Road,0,4
11/22/16,Florida,Clewiston,1068 Harlem Academy Avenue,1,4
11/18/16,Illinois,Chicago,5000 block of West Wabansia,0,4
11/17/16,Tennessee,Dyersburg,160 Longfellow,1,7
11/13/16,Florida,Jacksonville,5105 Cleveland Rd,3,2
11/13/16,California,San Diego,3800 block of Marlborough Avenue,3,2
11/13/16,Florida,Orlando,Conley Street and South Ivey Lane,0,4
11/13/16,Texas,San Antonio,8000 Midcrown,0,4
11/12/16,California,Sacramento,8600 block of Ardith Drive,1,5
11/12/16,Missouri,Kansas City,21st Street and Cleveland Avenue,1,3
11/12/16,Connecticut,Bridgeport,2500 Park Avenue,0,5
11/11/16,Texas,Houston,7705 Channelside Street,0,4
11/10/16,Texas,Houston,N/A,1,3
11/9/16,Washington,Seattle,1524 3rd Ave,0,5
11/9/16,Illinois,Chicago,3400 block of West Monroe,1,3
11/9/16,Tennessee,Memphis,1800 block of East Brooks Road,0,4
11/5/16,Florida,Fort Lauderdale (Lauderhill),3135 West Broward Boulevard,1,3
11/5/16,South Carolina,Myrtle Beach,803 Main Street,0,5
11/5/16,California,Oakland,420 14th Street,0,8
11/5/16,Illinois,Chicago,4800 block of North Winthrop,0,5
11/5/16,Texas,San Antonio,10726 Perrin Beitel Road,0,4
11/4/16,Pennsylvania,Philadelphia,5451 Springfield Avenue,0,4
11/3/16,Illinois,Chicago,8000 block of South Shore Drive,2,2
11/3/16,New Jersey,Orange,234 Cleveland Street,2,2
11/2/16,Arkansas,Little Rock,2111 Bragg Street,1,4
11/1/16,Tennessee,Memphis,5200 block of Zodiac Rd,1,5
10/31/16,Louisiana,Shreveport,700 Block of  Central Street,0,4
10/30/16,Ohio,Toledo,742 Junction Avenue,0,4
10/30/16,New York,New York (Manhattan),135 Ridge Street,0,4
10/30/16,New York,Newburgh,119 First Street,2,5
10/30/16,Maryland,Capitol Heights,6860 Walker Mill Road,3,3
10/30/16,Texas,San Antonio,2900 block of Aspen Meadow,0,5
10/29/16,Ohio,Dayton,2010 Cornell Ridge Drive,1,3
10/29/16,California,Los Angeles,1600 block of Century Boulevard,0,5
10/29/16,California,Riverside,3500 block of Madison Street,0,4
10/28/16,Florida,Miami Gardens,Northwest 173rd Terrace and 27th Avenue,0,4
10/28/16,Mississippi,Jackson,200 block of Lorenz Boulevard,0,6
10/27/16,Georgia,Jackson,600 block of Moccasin Gap Road,4,0
10/25/16,Virginia,Roanoke,830 Campbell Avenue Southeast,2,3
10/25/16,Ohio,Dayton,3300 block of Riverside Drive,1,3
10/23/16,Oklahoma,Wellston,Highway 66 and S. 3310 Road,1,5
10/22/16,California,Oakland,77th and Bancroft Avenues,0,7
10/18/16,California,San Francisco,325 La Grande Avenue,0,4
10/17/16,Illinois,Chicago (Englewood),6700 block of South Winchester,1,4
10/15/16,Alabama,Mobile,1800 block of St Stephens Road,0,5
10/15/16,California,Los Angeles,2918 Rimpau Boulevard,4,11
10/15/16,Illinois,Rockford,7801 East State Street,1,5
10/14/16,Illinois,Chicago,3300 block of Maypole,1,6
10/13/16,Illinois,Chicago,2700 block of West Lexington,0,4
10/9/16,Michigan,Grand Rapids,1850 28th Street SE,1,8
10/9/16,California,Sacramento,1696 Arden Way,1,3
10/8/16,New York,Brooklyn,7301 3rd Avenue,0,4
10/4/16,Louisiana,New Orleans,3727 Ulloa Street,3,2
10/3/16,Minnesota,Minneapolis,Fourth Street and Hennepin Avenue,0,4
10/2/16,Texas,San Antonio,2600 South Flores Street,1,4
10/1/16,Illinois,Pembroke Township,17250E Road,4,0
10/1/16,California,Fresno,3200 block of East Clay Avenue,0,4
9/29/16,California,San Francisco,400 block of Ellis Street,1,3
9/26/16,Texas,Humble,21219 Grand Linden Court,0,4
9/26/16,Texas,Houston,5450 Weslayan St,1,6
9/26/16,North Carolina,Winston Salem (Winston-salem),100 block of 5 Royales Dr,0,4
9/25/16,Illinois,Champaign,300 block of E. Green Street,1,3
9/24/16,Maryland,Baltimore,Greenmount Avenue and Preston Street,0,8
9/23/16,Washington,Burlington,201 Cascade Mall Dr,5,0
9/18/16,Pennsylvania,Philadelphia,3001 Castor Avenue,0,4
9/18/16,Virginia,Lynchburg,421 Rivermont Ave,1,3
9/18/16,Pennsylvania,Pittsburgh,1700 block of Brighton Place,0,4
9/17/16,Florida,Miami,20582 Southwest 119th Avenue,0,6
9/17/16,Indiana,Indianapolis,2016 West 76th Street,2,2
9/17/16,Florida,Orlando,3918 Columbia Street,1,6
9/17/16,District of Columbia,Washington,2600 block of Birney Place SE,2,7
9/16/16,California,Los Angeles (Hollywood),555 N Heliotrope Drive,2,2
9/16/16,Pennsylvania,Philadelphia,5100 block of Sansom Street,2,5
9/14/16,Texas,Houston,16000 block of Saybrook,1,3
9/13/16,Indiana,Fort Wayne,1723 E Wayne St,3,2
9/11/16,Louisiana,New Orleans,2349 S Claiborne Ave,1,5
9/11/16,Missouri,Kansas City,500 block of Westport Road,0,6
9/11/16,Indiana,Fort Wayne,3006 Holton Avenue,3,1
9/11/16,Michigan,Saginaw,2207 Pierce Road,0,5
9/11/16,North Carolina,New Bern,1100 block of Highway 70,0,5
9/11/16,New Jersey,Jersey City,87 Van Wagenen Ave,1,3
9/10/16,Florida,Miami,3451 Northwest 36 Street,1,3
9/8/16,Texas,Del Valle,8330 Linden Rd,4,0
9/8/16,Arkansas,Hot Springs National Park (Hot Springs),300 block of Lacey St,1,4
9/5/16,Pennsylvania,Reading,600 block of Moss Street,0,4
9/5/16,Illinois,Chicago,2700 block of West Lexington Avenue,2,3
9/4/16,Virginia,Roanoke,1020 Orange Ave NE,1,10
9/3/16,Illinois,Chicago,100 block of North Seeley Avenue,0,4
9/3/16,North Carolina,Wilmington,600 block of North 30th Street,1,3
8/30/16,Georgia,Atlanta,400 Merritts Avenue NE,0,4
8/30/16,Illinois,Chicago (Englewood),6800 block of South Ashland,0,4
8/29/16,New Jersey,Egg Harbor City,907 White Horse Pike,1,5
8/29/16,California,Temecula,41450 Cruz Way,5,0
8/28/16,Texas,Lubbock,2200 block of 17th St,0,6
8/28/16,New York,Bronx,514 E 156th St,0,4
8/28/16,Missouri,Saint Louis,S Grand Blvd and Montana St,2,2
8/28/16,Alabama,Dadeville,512 E Columbus St,0,5
8/27/16,Florida,Miami,1900 block of NW 83rd Terr,2,4
8/27/16,Alabama,Bessemer (Brighton),3810 7th Ave,1,6
8/25/16,New Jersey,Bridgeton,Marion Street,0,5
8/21/16,Connecticut,Bridgeport,19 Plymouth St,0,13
8/21/16,Massachusetts,Boston,Westview and Stratton Street,0,4
8/20/16,Washington,Tacoma,900 block of Pacific Avenue,0,5
8/20/16,Connecticut,Hamden,903 Dixwell Avenue,0,4
8/20/16,Alabama,Citronelle,Jim Platt Road,5,0
8/18/16,Connecticut,Waterbury,402 E Main Street,0,4
8/17/16,California,Oakland,Mandela Parkway,0,4
8/14/16,Minnesota,Minneapolis,1717 Plymouth Avenue North,0,5
8/14/16,Virginia,Norfolk,1600 block of Selden Avenue,0,4
8/13/16,Wisconsin,Milwaukee,4001 West Fond Du Lac Avenue,2,2
8/13/16,California,Los Angeles,6300 block of 11th Avenue,0,4
8/13/16,New York,Richmond Hill,Jamaica Ave and 105th St,0,4
8/13/16,Missouri,Joplin,1800 Connecticut Ave,0,4
8/12/16,Florida,Jacksonville,100 block of West 38th Street,1,3
8/12/16,Texas,Dallas,10921 Estate Lane,1,3
8/11/16,Pennsylvania,Philadelphia,500 block of East Ashmead Street,0,4
8/10/16,Illinois,Evanston,Foster Street and Jackson Avenue,0,4
8/10/16,California,Sacramento,4000 Green Tree Drive,1,3
8/8/16,New Mexico,Albuquerque,341 General Marshall Street NE,2,2
8/8/16,Florida,Jacksonville,1214 Labelle St,0,7
8/7/16,California,Los Angeles,5925 South Figueroa Street,1,3
8/7/16,Colorado,Arvada,5400 block of Sheridan Boulevard,2,2
8/7/16,Mississippi,Vicksburg,4460 Clay St,1,3
8/7/16,Illinois,Chicago,100 block of South Springfield,0,4
8/6/16,Pennsylvania,Reading (Sinking Spring),51 Winding Brook Drive,5,0
8/5/16,Michigan,Pontiac,70 block of Thorpe Street,1,3
8/5/16,California,Perris,21600 block of Rider St,2,2
8/4/16,Tennessee,Memphis,Ayers Street and Griffith Avenue,0,4
8/3/16,Georgia,Decatur,4110 Glenwood Road,1,3
8/2/16,Florida,Hollywood (West Park),5700 block of Hallandale Beach Blvd,0,4
8/1/16,Indiana,Evansville,South Bedford Avenue,0,4
7/31/16,Florida,Miami,Southwest 203rd Terrace and 115th Avenue,3,1
7/31/16,Texas,Austin,208 East Sixth Street,1,4
7/30/16,Missouri,Saint Louis,5000 block of Kensington Ave,0,5
7/30/16,Georgia,Townsend (Eulonia),14699 Highway 17,0,5
7/30/16,Washington,Mukilteo,10009 Chennault Beach,3,1
7/29/16,Georgia,Athens,Trail Creek Street,0,7
7/28/16,New York,Elmira,303 College Avenue,0,5
7/28/16,Maryland,Baltimore,Greenmount Avenue,0,4
7/28/16,Illinois,Chicago,800 block of West 50th Place,2,2
7/25/16,Florida,Fort Myers,3580 Evans Ave,2,19
7/24/16,Ohio,Hamilton,1555 Main St,1,7
7/23/16,South Carolina,North Charleston,3630 Ashley Phosphate Road,0,4
7/23/16,New York,Brooklyn,Fountain Avenue,0,4
7/23/16,Ohio,Cincinnati,3400 block of Beekman Street,2,2
7/23/16,Texas,Bastrop,202 Childers Drive,4,1
7/22/16,Illinois,Kankakee,300 block of North Wildwood Avenue,0,5
7/21/16,Illinois,Chicago,4400 block of South Leamington,0,5
7/20/16,California,Fresno,Hedges at Peach and Olive,0,4
7/19/16,Arkansas,West Memphis,13th Street and Tyler Avenue,0,4
7/17/16,Louisiana,Baton Rouge,9611 Airline Highway,4,3
7/17/16,Texas,Houston,6610 Tidwell,1,3
7/17/16,Michigan,Detroit,Grand River and McGraw avenue,0,4
7/16/16,Texas,Dallas,6300 block of Benavides Drive,0,5
7/16/16,Ohio,Cleveland,5000 block of Euclid Avenue,0,5
7/16/16,California,San Bernardino,1200 block of West 25th Street,0,4
7/16/16,California,Bakersfield,621 Stephens Drive,1,14
7/16/16,Tennessee,Clarksville,1348 College Street,0,6
7/15/16,Washington,Woodland,4006 NW 417th Street,3,1
7/14/16,Texas,Crosby,400 block of Pecan Avenue,3,1
7/14/16,California,Oakland,1600 block of 7th Street,0,4
7/14/16,Ohio,Akron,900 block of Moeller Avenue,1,3
7/13/16,Georgia,Warner Robins,105 Magnolia Avenue,0,5
7/13/16,Missouri,Saint Louis,3000 block of Miami St,2,2
7/11/16,Maryland,Baltimore,1800 block of W. North Avenue,0,5
7/11/16,Michigan,Saint Joseph,811 Port Street,3,2
7/11/16,Michigan,Jackson,500 block of Summit Avenue,0,4
7/11/16,District of Columbia,Washington,"5100 block of Call Pl., SE",0,4
7/7/16,Tennessee,Bristol,536 Volunteer Parkway,1,4
7/7/16,Texas,Dallas,800 Main Street,5,9
7/7/16,Louisiana,Baton Rouge,2136 North Lobdell Avenue,0,4
7/5/16,California,Los Angeles,56th Street and Naomi Avenue,0,4
7/4/16,Pennsylvania,Pittsburgh,Seventh and Liberty avenues,0,4
7/4/16,Illinois,Chicago (Englewood),5500 block of South Hermitage Avenue,0,4
7/4/16,New York,Brooklyn,419 Chauncey Street,0,7
7/4/16,Ohio,Cleveland,1400 block of W. 107 Street,0,4
7/4/16,Texas,Houston,1300 block of Robin,3,2
7/4/16,Arizona,Phoenix,4000 block of West Southern Avenue,2,6
7/3/16,Louisiana,Monroe,401 Lea Joyner Memorial Expy,2,3
7/3/16,Tennessee,Chattanooga,2300 block of Daisy Street,0,4
6/30/16,Illinois,Chicago,9500 block of South Loomis Street,1,4
6/29/16,Nevada,Las Vegas,6100 block of West Lake Mead Boulevard,5,0
6/28/16,California,Los Angeles (county),13800 block of South Avalon Boulevard,1,3
6/28/16,Illinois,Chicago,1600 block of South Christiana,0,4
6/27/16,Oregon,Woodburn,13436 Killiam Loop NE,3,1
6/26/16,Georgia,Atlanta,1500 block of Moreland Avenue SE,1,4
6/26/16,Texas,Houston,6000 block of Elm Street,1,3
6/26/16,Texas,Corpus Christi,Baldwin Blvd  and Lamar,0,4
6/26/16,South Carolina,Marlboro (county),Highway 38,0,4
6/26/16,North Carolina,Charlotte,2240 Camp Greene St.,0,5
6/25/16,Texas,Fort Worth,2466 East Lancaster Avenue,2,5
6/25/16,Virginia,Norfolk,700 block of Craig Street,0,4
6/25/16,Illinois,Chicago,1400 block of W. 114th Place,0,4
6/24/16,Kansas,Kansas City,N. 3rd and Walker,0,4
6/24/16,Connecticut,Hartford,Brook and Winter Street,0,5
6/24/16,Maryland,District Heights,3100 block of Orleans Ave,3,2
6/22/16,Washington,Olympia,500 block of Dutterow Road SE,3,1
6/22/16,Georgia,Dekalb (county),Lancashire Drive and Central Drive,1,4
6/22/16,Illinois,Chicago,3100 block of West Warren,0,4
6/21/16,New Jersey,Willingboro,Mosshill Lane,0,4
6/21/16,Kentucky,Louisville,2802 Rodman Street,2,2
6/19/16,Virginia,Roanoke,2328 Melrose Avenue,0,4
6/18/16,Virginia,Exmore,Fredrick Douglas Road,1,3
6/18/16,Georgia,Waycross,2625 Arnold Ct,2,2
6/18/16,Illinois,Chicago,East 79th Street and South Escanaba Avenue,0,4
6/14/16,Delaware,Wilmington,South Van Buren and Elm streets,0,4
6/14/16,California,Oakland,1301 Franklin Street,1,3
6/13/16,California,Fresno,East El Monte Way and Recreation Avenue,0,4
6/13/16,New York,Brooklyn,Avenue D and E. 57th,0,5
6/13/16,Illinois,Chicago,3200 block of West Congress,0,5
6/12/16,Florida,Orlando,1912 S Orange Avenue,50,53
6/11/16,New Mexico,Roswell,2300 block of Davis Ave,5,0
6/11/16,Minnesota,Webster,4000 block of Elmore Avenue,0,4
6/11/16,California,Stockton,Alvarado Avenue,1,3
6/11/16,California,Panorama City,8500 block of Cedros Avenue,3,2
6/11/16,North Carolina,Charlotte,4000 block of Collegiate Avenue,1,3
6/9/16,Florida,Fort Walton Beach,Landview Drive,0,4
6/8/16,District of Columbia,Washington,North Capitol Street and New York Avenue NW,0,4
6/8/16,Massachusetts,Boston,66 Washington St,1,3
6/6/16,California,Visalia,33 60 South Fairway Street,0,4
6/5/16,Minnesota,Minneapolis,8th and Humboldt Avenue N.,0,4
6/5/16,Florida,Cape Coral,2600 block of Skyline Boulevard S,3,3
6/5/16,Arizona,Phoenix,8152 N Black Canyon Hwy,2,4
6/5/16,New York,Brooklyn,Mermaid Ave and 16th St.,0,4
6/4/16,Colorado,Denver,3600 block of Hudson Street,3,1
5/31/16,Illinois,Chicago,3300 block of West Huron Street,0,4
5/31/16,Indiana,Fort Wayne,6600 block of Pawawna Drive,0,4
5/30/16,Maryland,Baltimore,500 block of East 43rd Street,0,5
5/30/16,California,Sacramento,3900 block of 44th,0,5
5/29/16,New Jersey,Trenton,600 block of Martin Luther King Jr. Boulevard,0,6
5/29/16,Indiana,Indianapolis,300 block of South Meridian Street,0,4
5/29/16,Nevada,Las Vegas,200 block of North 3rd Street,0,4
5/29/16,Texas,Houston,13210 Memorial Drive,2,6
5/23/16,New Jersey,Newark,102 Isabella Avenue,0,5
5/22/16,Louisiana,New Orleans,8639 Apple St,0,4
5/22/16,California,Stockton,Poplar and Sutter Streets,1,3
5/22/16,Tennessee,Nashville,100 block of Rains Avenue,0,4
5/21/16,Georgia,Jackson,Levi Barnes Road,1,3
5/18/16,Indiana,Indianapolis,34th Street and North Keystone Avenue,0,4
5/17/16,South Carolina,Ravenel,5360 Savannah Highway,3,1
5/15/16,Indiana,Evansville,420 North Garvin Street,0,4
5/15/16,Georgia,Moultrie,Rossman Dairy Road,5,0
5/14/16,Georgia,Atlanta,Cordova and Peoples Street,0,5
5/14/16,West Virginia,Charleston,2300 block of Washington Street West,1,3
5/11/16,Alabama,Birmingham,1400 block of 21st Street N,1,4
5/11/16,Illinois,Chicago,7100 block of South State Street,0,5
5/8/16,Texas,Austin,8600 block of North Lamar,1,3
5/6/16,Michigan,Detroit,12300 block of Gratiot,1,4
5/6/16,Alabama,Montgomery,1300 block of Clay Street,1,3
5/6/16,Maryland,Bethesda,7101 Democracy Blvd,3,3
5/5/16,Louisiana,Shreveport,300 block of North Thomas Drive,2,6
5/5/16,Florida,Miami,2108 NW 19th Terrace,1,3
5/4/16,Minnesota,Minneapolis,16th Avenue North and Newton Avenue North,1,7
5/1/16,Tennessee,Murfreesboro,1955 Old Castle Drive,0,5
4/29/16,Missouri,Saint Louis (Ferguson),400 block of N Dade Ave,0,4
4/29/16,California,Oakland,3200 block of San Pablo Avenue,0,5
4/27/16,Louisiana,Baton Rouge,4300  Block of Kerrit Dr,2,2
4/27/16,Mississippi,Kilmichael,Pecan Drive,3,1
4/26/16,Maryland,District Heights (Forestville),6500 block of Hil-Mar Drive,1,4
4/25/16,Tennessee,Nashville,400 Charlotte Avenue,0,4
4/25/16,Florida,Miami,1506 Northwest 70th Street,0,5
4/24/16,Virginia,Halifax,1055 L P Bailey Memorial Hwy,0,5
4/24/16,Illinois,Chicago (Englewood),2000 block of West 68th Place,2,3
4/24/16,Colorado,Denver,1400 block of 14th Street,0,4
4/23/16,Nevada,Las Vegas,1650 South Hollywood Boulevard,1,3
4/23/16,Alabama,Auburn,1200 block of Lee Road 83,3,1
4/23/16,Kansas,Topeka,3732 S.W. Topeka Boulevard,1,4
4/23/16,New York,New York (Manhattan),West 141st Street and Edgecombe Avenue,0,4
4/22/16,Ohio,Piketon,4077 Union Hill Road,8,0
4/22/16,Georgia,Appling,3162 Johnson Drive,6,0
4/21/16,Maryland,Baltimore,4800 block of Frankford Avenue,0,4
4/19/16,Alabama,Blountsville,81551 Us Highway 278,1,4
4/19/16,Illinois,Chicago,2700 block of West 53rd Street,1,3
4/19/16,Illinois,Chicago,1400 block of West 84th Street,1,4
4/18/16,California,Long Beach,1200 block of E. 17th Street,1,3
4/17/16,Pennsylvania,Philadelphia,600 block of Westmoreland Street,3,1
4/17/16,South Carolina,Pelzer,200 block of Eastview Road,1,3
4/17/16,Texas,Edinburg,5021 W St Hwy 107,1,6
4/16/16,Michigan,Detroit,9500 block of Oakland,1,4
4/16/16,Florida,Orlando,1100 block of Conley Street,2,4
4/16/16,Alabama,Enterprise,Baxter Street,0,4
4/14/16,New Jersey,Orange,Taylor Street,1,3
4/10/16,Wisconsin,Milwaukee,76th and Sheridan,1,3
4/10/16,California,Los Angeles,84th Street and Towne Avenue,0,4
4/9/16,Tennessee,Memphis,Mt Moriah Road and Ridgeway Road,0,4
4/9/16,Alabama,Anniston,West 15th Street and Crawford Avenue,0,4
4/9/16,New Mexico,Albuquerque,2600 block of Mesa Drive SE,0,4
4/7/16,Illinois,Chicago,2200 block of East 70th Place,0,4
3/31/16,Illinois,Chicago (Englewood),6800 block of South Throop,0,4
3/25/16,Illinois,Chicago,4500 block of West West End Avenue,0,4
3/25/16,Colorado,Denver,8501 E. Alameda Avenue,0,4
3/21/16,Illinois,Chicago,5700 block of West Washington Boulevard,0,4
3/19/16,Florida,Plantation,12050 NW 4th Court,1,4
3/19/16,Alabama,Wetumpka,South Shelby Street,2,2
3/15/16,Georgia,Atlanta,Donald Lee Hollowell Drive,0,5
3/13/16,Florida,Fort Myers,50 South Road,0,4
3/12/16,Oregon,Portland,16126 S.E. Stark St.,0,4
3/12/16,California,Oakland,Interstate 880,0,4
3/11/16,Michigan,Detroit,2600 block of Hazelwood,2,2
3/11/16,New Jersey,Trenton,Oliver Avenue,0,5
3/9/16,Pennsylvania,Pittsburgh (Wilkinsburg),1304 Franklin Avenue,5,3
3/8/16,Texas,San Antonio,Sherman Street,2,3
3/7/16,Louisiana,Lafayette,800 block of Martin Luther King Jr. Drive,0,4
3/7/16,Kansas,Kansas City,3000 block of South 36th Street,5,0
3/6/16,Massachusetts,Chelsea,120 Washington Avenue,1,6
3/6/16,Georgia,Roswell,890 Atlanta St,0,4
3/6/16,California,Compton,900 block of West Victoria Street,1,8
3/5/16,Kansas,Wichita,116 North Mead,0,4
3/4/16,Ohio,Columbus,900 E. 5th Ave.,1,3
2/28/16,Michigan,Detroit,8800 block of Livernois,0,5
2/28/16,California,Riverside (Jurupa Valley),5500 block of Etiwanda Avenue,1,3
2/27/16,Virginia,Woodbridge (Lake Ridge),13051 Lashmere Court,2,2
2/26/16,Washington,Belfair,300 block of Horseshoe Rd.,5,0
2/25/16,Kansas,Hesston,200 S Ridge Rd,4,14
2/23/16,Arizona,Glendale,4812 West Sunnyside Ave,5,0
2/23/16,Florida,Daytona Beach,1042 Sheridan Road,0,4
2/21/16,Missouri,Hazelwood,Interstate Highway 270 and North Lindbergh Boulevard,1,3
2/21/16,Texas,Houston,5100 block of Idaho Street,0,5
2/20/16,Florida,Tampa,2810 E. Bearss Ave,1,3
2/20/16,Michigan,Kalamazoo,5581 Cracker Barrel Blvd,6,2
2/20/16,Alabama,Bessemer,200 block of Elm Street,1,3
2/20/16,Florida,Orlando,446 S Parramore Ave,0,4
2/20/16,Mississippi,Iuka,231 CR 201,2,3
2/19/16,Missouri,Edgerton,4100 block of Buena Vista Road,4,0
2/19/16,California,Vallejo,509 Porter Street,1,3
2/14/16,Texas,Houston,8449 Gulf Freeway,1,3
2/14/16,Alabama,Eutaw (Union),Earnest Friday Road,0,5
2/13/16,Louisiana,Marrero,5425 Lapalco Boulevard,0,4
2/7/16,Mississippi,Pass Christian,Davis Avenue,2,4
2/7/16,Florida,Orlando,7432 Universal Blvd,2,10
2/7/16,New York,Rochester,547 State street,1,7
2/7/16,Illinois,Chicago (Englewood),6500 block of South Green Street,0,4
2/6/16,California,Los Angeles,12800 block of Cook Street,1,3
2/6/16,Florida,Apopka,10th Street,0,4
2/6/16,Florida,Tampa,8123 N Nebraska Ave,2,6
2/3/16,District of Columbia,Washington,1500 block of Butler St. SE,0,4
1/30/16,Arizona,Glendale,67th and Missouri Avenue,3,5
1/27/16,Virginia,Chesapeake,1401 N. George Washington Hwy,6,0
1/26/16,Washington,Seattle,Airport Way S. and S. Atlantic St.,2,3
1/25/16,California,Perris,140 S. D Street,1,4
1/23/16,California,Los Angeles,8105 Avalon Blvd,2,2
1/17/16,Virginia,Ware Neck (Gloucester Courthouse),Ditchley Road and Gill Lane,1,3
1/11/16,Delaware,Wilmington,900 block of Brown Street,1,4
1/8/16,District of Columbia,Washington,1700 East Capitol Street Northeast,0,4
1/8/16,Illinois,Chicago,1500 block of South Kedzie,1,4
1/7/16,Tennessee,Memphis,3800 block of Kerwood Avenue,1,3
1/6/16,Florida,Lakeland,2312 East Magnolia Street,3,1
12/31/15,Louisiana,New Orleans,1900 Block of Amelia Street,0,6
12/27/15,Tennessee,Jackson,North Parkway,0,4
12/26/15,Pennsylvania,Philadelphia,4210 Macalester St,0,4
12/25/15,Alabama,Mobile,785 Schillinger Rd S,0,4
12/25/15,Florida,Jacksonville,Franklin and Odessa,0,4
12/21/15,California,San Leandro,14600 block of East 14th Street,0,4
12/20/15,Florida,Miami (Goulds),21630 Southwest 120th Avenue,1,4
12/20/15,Florida,Miami-dade (county),Northeast Seventh Avenue and Northeast 166th Street,0,4
12/20/15,North Carolina,Wilmington,11th and Castle Street,1,4
12/14/15,Illinois,Lovejoy (Brooklyn),307 Jefferson St,1,3
12/13/15,California,Los Angeles,5550 S. Flower Street,1,3
12/13/15,California,Huntington Beach,17000 block of Keelson Lane,0,4
12/12/15,Georgia,Savannah,Whitaker Street,0,4
12/11/15,Maryland,Baltimore,5100 block of Park Heights Avenue,1,3
12/11/15,Pennsylvania,Pittsburgh (Mount Oliver),200 Block of  Brownsville Road,0,4
12/8/15,Ohio,Cincinnati (Fairmount),2300 block of Baltimore Avenue,1,3
12/6/15,Louisiana,Raceland,Market Street,1,3
12/6/15,Nebraska,Omaha,North 108th Street and Military Road,2,3
12/2/15,California,San Bernardino,1365 South Waterman Avenue,16,19
12/2/15,Georgia,Savannah,100 block of West 33rd Street,1,3
11/29/15,Illinois,Kankakee,648 E. Court St,0,5
11/27/15,California,Sacramento,7900 block of Florin Road,2,2
11/27/15,Colorado,Colorado Springs,3480 Centennial Blvd,3,9
11/24/15,South Carolina,Horry (county),1321 Colletta Court,0,4
11/23/15,Minnesota,Minneapolis,Morgan Avenue North,0,5
11/23/15,Ohio,Columbus,90 block of S. Terrace Avenue,4,1
11/22/15,Illinois,Chicago,4100 block of West Roosevelt,0,4
11/22/15,Louisiana,New Orleans,1900 block of Gallier Street,0,17
11/22/15,New York,Newburgh,203 Broadway,0,5
11/22/15,South Carolina,North Charleston,Park Circle,1,3
11/22/15,Texas,Brownsville,1800 Block of FM 802,0,4
11/22/15,Washington,Seattle,Broadway and Pike,0,4
11/21/15,Maryland,Baltimore,Stricker and School,1,3
11/20/15,Pennsylvania,Pittsburgh,Prospect Drive,1,3
11/18/15,California,Fresno,California Avenue and Martin Luther King Jr. Boulevard,0,5
11/16/15,Alabama,Cherokee (county),1400 block of County Road 664,3,1
11/15/15,Pennsylvania,Philadelphia,5600 block of Blakemore Street,0,4
11/15/15,Texas,Tennessee Colony,800 Block of County Road 2217,5,0
11/14/15,Pennsylvania,Johnstown,1159 Main St,0,4
11/13/15,Florida,Jacksonville,1300 block of South Shirley Oaks Drive,4,1
11/9/15,Indiana,Indianapolis,400 block of North Beville Ave,2,2
11/8/15,Iowa,Des Moines,4397 NW 6th Drive,1,3
11/8/15,Michigan,Warren,13859 8 Mile Road,0,4
11/7/15,Colorado,Denver,Bayaud and Bannock,1,3
11/6/15,California,Bakersfield,1000 block of Feliz Drive,0,4
11/3/15,Florida,Jacksonville,Ella Street and Kings Road,2,3
11/2/15,South Carolina,Pendleton,2217 Refuge Road,4,0
10/28/15,Louisiana,Houma,400 Block of Morgan Street,1,3
10/27/15,Texas,Fort Worth,1700 Block of Southcrest Drive,0,5
10/26/15,Indiana,Evansville,711 E Virginia St,0,5
10/25/15,Arizona,Phoenix,Seventh Street and Broadway,1,4
10/25/15,District of Columbia,Washington,4300 block of Wheeler Road SE,0,5
10/25/15,North Carolina,Four Oaks,2339 Stricklands Crossroads Road,0,5
10/24/15,South Carolina,Bamberg,682 Dixie Ave.,0,4
10/22/15,Tennessee,Nashville,3500 John A. Merritt Boulevard,1,3
10/19/15,Illinois,Calumet City,300 Campbell Avenue,0,6
10/18/15,Louisiana,New Orleans,2600 block of Caffin Avenue,0,4
10/17/15,Florida,Fort Myers,2224 First St,1,4
10/17/15,Indiana,Elkhart,160 Easy Shopping Place,0,4
10/12/15,Georgia,Decatur,4731 Glenwood Road,0,4
10/10/15,Illinois,Peoria,2405 North Flora,1,3
10/10/15,North Carolina,Charlotte,1900 block of West Boulevard,0,4
10/10/15,Tennessee,Memphis,6135 Mount Moriah Road,0,6
10/9/15,Arizona,Flagstaff,216 E Mountain View Drive,1,3
10/6/15,Maryland,Baltimore,300 block of North Payson Street,0,5
10/2/15,Maryland,Baltimore,5400 Reisterstown Road,1,4
10/1/15,Oregon,Roseburg,1140 Umpqua College Rd,10,9
9/28/15,Illinois,Chicago,300 block of West 42nd Street,3,2
9/28/15,Illinois,Chicago,5300 block of South Aberdeen Street,2,3
9/28/15,Ohio,Cincinnati (Evanston),1800 block of Hewitt Avenue,0,5
9/28/15,Ohio,Dayton,1921 Oakridge,0,4
9/27/15,Georgia,Greenville,1140 Hill Haven Road,0,10
9/27/15,Illinois,Chicago,5200 block of South Justine,0,4
9/27/15,Missouri,Kansas City,1700 E. 18th St.,0,4
9/25/15,Illinois,Danville,1300 block of May Street,0,4
9/24/15,Illinois,Chicago,5100 block of South Morgan Street,0,5
9/23/15,Florida,Fort Myers,Dale Street and Veronica S. Shoemaker Boulevard,0,4
9/23/15,Georgia,Norcross,1300 block of Reddington Lane,1,3
9/23/15,Louisiana,Shreveport,2900 Block of Peach Street,0,5
9/20/15,Illinois,Chicago,5700 block of South LaSalle,1,5
9/20/15,Oklahoma,Tulsa,Pine and Yale,0,6
9/20/15,Pennsylvania,Philadelphia,900 block of Pratt Street,1,3
9/19/15,Indiana,Indianapolis,3900 block of Graceland Avenue,1,3
9/17/15,Michigan,Albion,500 block of W. Broadwell Street,0,4
9/17/15,South Dakota,Platte,36705 379th Street,6,0
9/15/15,New Jersey,Newark,Irvine Turner Boulevard and West Kinney Street,0,4
9/13/15,Florida,Ocala,1910 South Pine Avenue,1,5
9/12/15,Louisiana,Shreveport,1500 block of Clanton Street,0,4
9/12/15,Minnesota,Minneapolis,1st Ave. and N. 5th St.,0,6
9/12/15,Minnesota,Minneapolis,1200 block of 22nd Ave. N.,1,3
9/12/15,New York,Rochester,36 Woodward Street,2,4
9/11/15,North Carolina,Charlotte,1000 North Carolina Music Factory Blvd.,0,5
9/10/15,Minnesota,Excelsior (Greenwood),Channel Drive,5,0
9/8/15,Georgia,Berlin,N/A,0,4
9/8/15,Illinois,Chicago,56th and Green,0,4
9/7/15,Colorado,Denver,1909 Blake Street,0,4
9/7/15,Indiana,Gary,9300 block of Sunrise,2,4
9/5/15,Florida,Daytona Beach,300 block of Pearl Street,0,4
9/5/15,Missouri,Columbia,1509 Ashley Street,0,4
9/5/15,Nevada,Las Vegas,5000 Block of Hollywood Boulevard,1,3
9/5/15,North Carolina,Charlotte,6800 block of Fieldvale Place,1,3
8/30/15,Tennessee,Memphis,3300 block of Sobota Circle,1,4
8/29/15,Tennessee,Bristol,618 Henson Road,3,2
8/29/15,Texas,Tyler,638 ENE Loop 323,1,3
8/28/15,New York,Brooklyn,589 Flatbush Avenue,1,3
8/27/15,California,Salinas,928 Blanco Circle,2,2
8/26/15,Florida,West Palm Beach,800 block of 19th Street,2,2
8/26/15,Illinois,Chicago,3025 W. Van Buren Ave,1,3
8/26/15,Minnesota,Minneapolis (Brooklyn Center),5000 block of Drew Avenue North,0,4
8/25/15,Louisiana,New Orleans,Fern Street and Olive Street,1,3
8/23/15,California,Modesto,1100 block of Kansas Avenue,1,7
8/22/15,Florida,Orlando (Pine Hills),State Road 408,0,4
8/22/15,New Mexico,Roswell,302 East Reed Street,3,1
8/21/15,North Carolina,Durham,2700 block of Hinson Drive,0,8
8/21/15,Ohio,Cincinnati,Mathis and Prentice,2,5
8/20/15,Texas,Grulla (La Grulla),FM 2360,2,2
8/19/15,New York,Rochester,500 Genesee Street,3,4
8/16/15,Illinois,Chicago,5400 block of West Division Street,0,4
8/16/15,South Carolina,Bennettsville,Highway 38N,0,5
8/16/15,Texas,Fort Worth,3651 Sycamore School Rd,0,6
8/15/15,California,Los Angeles,57th Street and South Normandie Avenue,0,4
8/15/15,Pennsylvania,Pittsburgh,West Prospect Avenue,1,3
8/15/15,South Carolina,Orangeburg,2868 Bamberg Road,1,3
8/10/15,California,Long Beach,1700 block of East 10th Street,0,4
8/9/15,Michigan,Detroit,15200 block of Hazelridge,1,3
8/9/15,Mississippi,Forest,Poplar Street,1,3
8/9/15,Missouri,Kansas City,40th Street and Pennsylvania Avenue,0,4
8/8/15,Arkansas,Blytheville,833 Anderson Street,1,11
8/8/15,North Carolina,Gastonia,4908 Greenwood Drive,2,3
8/8/15,Texas,Houston,2211 Falling Oaks,8,0
8/7/15,Vermont,Barre (Berlin),3182 Airport Road,4,0
8/6/15,South Carolina,Columbia,1505 Garden Plaza,0,4
8/4/15,Missouri,Saint Louis,2500 block of Semple,1,4
8/3/15,New York,Brooklyn,98 Dwight Street,0,5
8/2/15,Georgia,Savannah,Barnard Street,0,5
8/2/15,Illinois,Chicago,4800 block of West Kamerling Avenue,1,4
8/2/15,Illinois,Chicago,6700 block of South Winchester Avenue,0,4
8/2/15,Maryland,Baltimore,2700 block of Garrison Avenue,0,7
8/2/15,New York,Brooklyn,Stanley Avenue and Crescent Street,0,9
8/1/15,Florida,Orlando,5801 Shenandoah Way,0,4
7/30/15,Pennsylvania,Pittsburgh,Brushton Avenue,0,4
7/27/15,Illinois,Rockford,900 block of Kent Street,0,5
7/26/15,Louisiana,New Orleans,Piety and Treasure street,0,4
7/26/15,Missouri,Kansas City,Thompson and Colorado,2,3
7/25/15,Virginia,Hopewell,500 block of N. 7th Ave,0,4
7/24/15,Pennsylvania,Erie,200 block of West 29th Street,2,4
7/23/15,Louisiana,Lafayette,3141 Johnson Street,3,9
7/22/15,Georgia,Suwanee,5500 block of Old Atlanta Road,5,0
7/21/15,Florida,Miami Gardens,Northwest 25th Avenue and Miami Gardens Drive,1,3
7/20/15,New York,Bronx,E. 153rd St. and the Grand Concourse,0,6
7/19/15,Kentucky,Louisville,2928 W Kentucky St,0,6
7/19/15,North Carolina,Rocky Mount,Interstate 64 and Raliegh Street,0,4
7/19/15,Virginia,Suffolk,100 block of North Capitol Street,0,4
7/18/15,California,San Diego,200 block of South Bancroft Street,0,4
7/18/15,California,Santa Paula,Ojai-Santa Paula Street,0,5
7/18/15,Louisiana,Baton Rouge,300 Block of Brice Street,2,2
7/18/15,Oregon,Salem,1550 Weston Ct NE,1,4
7/17/15,Illinois,Chicago,4400 block of W. Maypole,0,5
7/17/15,Ohio,Cincinnati (Westwood),3100 block of Sunshine Avenue,0,4
7/16/15,Tennessee,Chattanooga,4051 Amnicola Highway,6,2
7/16/15,Texas,Dallas,Singleton and Hampton,0,5
7/15/15,Georgia,Atlanta,500 block of Center Hill Avenue,0,5
7/15/15,Maryland,Baltimore,3500 block of West Garrison Boulevard,1,3
7/15/15,Michigan,Detroit,9200 block of Memorial,0,4
7/15/15,Ohio,Cleveland,700 block of Thornhill,0,7
7/15/15,South Carolina,Holly Hill,7050 Old State Road,4,1
7/14/15,Missouri,Saint Louis,1100 block of Riverview,0,4
7/13/15,California,Norwalk,11959 162nd Street,0,4
7/13/15,California,Stockton,400 block of McCloud Avenue,1,4
7/12/15,Illinois,River Forest,116 Lathrop Avenue,2,3
7/12/15,New Jersey,Jersey City,Sip and Van Wagenen avenues,0,4
7/7/15,Maryland,Baltimore,900 block of West Fayette Street,3,1
7/5/15,Indiana,Fort Wayne,1400 block of McCulloch Street,0,9
7/5/15,Louisiana,Shreveport,3500 block of Hearne Avenue,0,8
7/5/15,New Jersey,East Orange,200 block of S. Clinton St,1,3
7/4/15,District of Columbia,Washington,2600 Douglas Place SE,1,3
7/4/15,Kentucky,Louisville,2500 block of West Broadway,0,4
7/4/15,Massachusetts,Pittsfield,Dewey Avenue,1,4
7/4/15,New York,Syracuse,Bellevue and Rich Street,0,4
7/4/15,Texas,San Antonio,1100 block of West Avenue,0,4
7/2/15,Indiana,Indianapolis,Lynn and Michigan,1,3
6/29/15,Florida,Opa Locka,13450 N.W. 30th Ave,0,4
6/28/15,Delaware,Harrington,100 block of East St,0,6
6/28/15,Illinois,Venice,N/A,0,6
6/28/15,Michigan,Detroit,Gratiot and Loretto,0,5
6/27/15,Massachusetts,Taunton,Weir Street,1,3
6/27/15,Michigan,Detroit,Stringham Court,0,4
6/24/15,New York,New York (Manhattan),2110 Madison Ave,0,4
6/22/15,Pennsylvania,Philadelphia,700 block of East Hilton Street,0,7
6/21/15,Kentucky,Lexington,726 Georgetown St,1,4
6/21/15,Pennsylvania,Pittsburgh (Wilkinsburg),Rebecca and East Swissvale Avenue,0,4
6/20/15,Michigan,Detroit,Dexter and Webb,1,11
6/20/15,North Carolina,Morven,N/A,0,4
6/20/15,Pennsylvania,Philadelphia,4100 block of Ogden Street,0,11
6/19/15,Rhode Island,Woonsocket,80 River Street,0,4
6/17/15,South Carolina,Charleston,110 Calhoun Street,9,0
6/16/15,Florida,Miami Gardens,600 block of Northwest 177th Street,0,4
6/15/15,New York,Brooklyn,673 Flatbush Avenue,0,4
6/14/15,Missouri,Saint Louis,1400 block of North Market Street,0,4
6/14/15,New Jersey,Camden,2800 block of Saunders Street,1,3
6/14/15,Oklahoma,Tulsa,1800 block of North Kingston,0,4
6/13/15,Georgia,Fayetteville,600 block of Highway 279,1,4
6/13/15,Georgia,Milledgeville,451 North Flynn Street,1,3
6/13/15,New York,Bronx,2409 Creston Avenue,0,5
6/13/15,Ohio,Columbus,1623 E. Hudson Street,4,1
6/13/15,Oklahoma,Oklahoma City,500 block of Se 69th St,0,4
6/12/15,Florida,Allapattah,24th Avenue and 36th Street,0,4
6/11/15,Connecticut,Bridgeport,468 Trumbull Avenue,1,8
6/11/15,Texas,Houston,3400 Block of Burkett,1,3
6/10/15,California,Los Angeles,South Vermont Avenue and West 88th Street,1,3
6/9/15,Missouri,Saint Louis,North Market Street and North Spring Avenue,1,3
6/7/15,Montana,Deer Lodge,Boulder Creek Road,5,0
6/6/15,Illinois,Chicago,100 block of North Lorel Avenue,0,5
6/6/15,New York,Buffalo,100 block of Warren Avenue,1,4
6/5/15,Iowa,Davenport,900 block of West 3rd St,0,5
6/5/15,Louisiana,New Orleans,2100 Block of Governor Nicholls Street,1,3
6/3/15,New York,Wyandanch,Davidson Street,3,1
5/31/15,Connecticut,New Haven,849 Chapel Street,0,5
5/31/15,Georgia,Conyers,4669 Bell Road SE,3,2
5/31/15,Maryland,Springdale,9222 Ardwick Ardmore Road,1,3
5/31/15,Ohio,Cleveland,16209 block of Laverne Avenue,3,1
5/30/15,California,San Diego,4200 block of Market Street,0,4
5/28/15,Illinois,Chicago,6200 block of South Honore Street,0,5
5/28/15,Nebraska,Omaha,84th and Q,0,4
5/28/15,Pennsylvania,Chester,2700 block of West 3rd Street,1,3
5/26/15,Louisiana,New Orleans,6700 Block of Tara Lane,2,2
5/25/15,Illinois,Decatur,1816 N. Water,1,4
5/24/15,Alabama,Montgomery,Smiley Court,1,3
5/24/15,Massachusetts,Brockton,1002 Main St,0,5
5/24/15,Michigan,Flint,W. 12th Street and Hammerberg Road.,0,7
5/24/15,Missouri,Saint Louis,2700 block of Dayton,0,4
5/23/15,California,Fresno,2400 block of South 9th Street,2,2
5/20/15,Maryland,Baltimore,800 block of Linwood Avenue,1,4
5/18/15,Florida,Miami,Northwest 75th Street and Northwest 16th Avenue,1,4
5/18/15,Missouri,Kinloch,8000 block of School Way,0,4
5/17/15,Texas,Waco,4671 S Jack Kultgen Expy,9,18
5/16/15,Maryland,Baltimore,1700 block of North Broadway,0,5
5/16/15,New York,Rochester,188 Lewis Street,0,4
5/16/15,Wisconsin,Milwaukee,28th Street and Auer Avenue,0,5
5/12/15,Arizona,Tucson,800 block of West Calle Medina Road,5,0
5/12/15,Maryland,Capitol Heights,Pard Road,1,4
5/10/15,New Jersey,Jersey City,Bostwick Avenue,0,4
5/10/15,New Jersey,Newark,19th Avenue and South 16th Street,1,3
5/10/15,Ohio,Cleveland,3600 block of Bosworth Road,1,4
5/7/15,Ohio,Cincinnati,2300 block of Baltimore Avenue,0,4
5/4/15,New York,Buffalo,100 block of Roosevelt Avenue,1,3
5/3/15,Indiana,South Bend,1600 block of South William Street,0,4
5/3/15,New York,Bronx,University Avenue,0,4
5/3/15,Ohio,Dayton,2801 Germantown Street,1,6
5/3/15,Texas,Houston,San Jacinto at Elgin,0,6
5/3/15,Wisconsin,Menasha,North Lake Street,4,1
5/1/15,Wisconsin,Milwaukee,3700 block of 37th Street,2,3
4/27/15,Arizona,Gila Bend,State Route 85,2,2
4/27/15,New York,Brooklyn,1365 Flatbush Ave,2,4
4/25/15,New Jersey,Trenton,Wood Street,0,4
4/25/15,New York,Gates,24 Hinchey Rd,1,6
4/21/15,Texas,Killeen,420 Gilmer St.,2,3
4/19/15,Virginia,Richmond,200 block of West Hill Street,0,4
4/18/15,Alabama,Montgomery,1800 block of Gibbs Court,0,5
4/18/15,New Jersey,Patterson,230 Rosa Parks Boulevard,1,3
4/18/15,North Carolina,Lumberton,Martin Luther King Drive,1,3
4/18/15,North Carolina,Charlotte,Bost Street,0,4
4/18/15,Pennsylvania,Williamsport,300 block of Pine Street,0,5
4/16/15,Arizona,Phoenix,4300 block of East Anderson Drive,5,0
4/7/15,Georgia,Rome,20 Copeland Street,1,3
4/5/15,Indiana,Indianapolis,5000 block of Wildflower Court,0,5
4/5/15,Kentucky,Louisville,40th and Grand Street,1,4
4/5/15,Michigan,Benton Harbor,1000 block of Blossom Lane,0,4
4/5/15,Pennsylvania,Pittsburgh,Dinwiddie Street,1,3
4/3/15,Florida,Daytona Beach,300 block of Henry Butts Drive,0,4
4/2/15,Maryland,Baltimore,1900 block of West Lanvale Street,0,5
3/27/15,Florida,Panama City Beach,5312 Thomas Drive,0,7
3/26/15,Texas,Amarillo,3100 block of Redwood,0,4
3/24/15,Indiana,Indianapolis,3100 block of North Harding Street,4,0
3/23/15,Tennessee,Clarksville,900 block of Carpenter Street,1,4
3/22/15,New Mexico,Albuquerque,10140 Lomas NE,1,6
3/21/15,Florida,Tampa,1802 Seventh Ave,0,4
3/20/15,Texas,Lancaster,1500 block of Reynolds Street,1,5
3/18/15,Arizona,Mesa,1504 West Main Street,1,5
3/18/15,New Jersey,Newark,200 block of Clinton Place,1,3
3/17/15,California,Stockton,748 N Madison St,3,4
3/15/15,California,Compton,2700 block of West Alondra Boulevard,0,4
3/14/15,California,Coachella,84000 block of Bagdad Avenue,0,4
3/14/15,Georgia,Atlanta,2900 block of Delmar Lane,0,5
3/13/15,Mississippi,Brookhaven,1097 South First St.,2,3
3/10/15,Georgia,Columbus,3023 Victory Drive,0,5
3/9/15,Illinois,Chicago,200 block of West 105th,1,3
3/8/15,South Carolina,Seneca,Wells Highway,1,3
3/4/15,California,San Bernardino,190 block of West Club Center Drive,2,5
3/1/15,Florida,Orange County,4900 block of Steyr Street,0,4
3/1/15,Michigan,Detroit,9855 Chalmers St,1,5
2/28/15,Maryland,Baltimore,4300 block of Welbourne Road,1,3
2/26/15,Missouri,Tyrone,18279 Highway H,8,1
2/25/15,Texas,Houston,Mallow St.,3,3
2/22/15,Georgia,Clarkesville,281 Lower Pond Court,3,2
2/22/15,South Carolina,Charleston,4224 Dorchester Road,0,4
2/22/15,Texas,Killeen,1706 Godman St.,4,1
2/20/15,California,Sacramento,1417 R Street,0,4
2/17/15,Arkansas,Little Rock,7900 Scott Hamilton,1,3
2/15/15,California,Long Beach,200 block of W. 14th Street,0,5
2/9/15,Florida,New Port Richey,9552 Adler Street,3,1
2/8/15,Tennessee,Maury City,251 Dupree Road,0,6
2/7/15,Georgia,Douglasville,3640 Willow Tree Circle,5,2
2/6/15,Oklahoma,Tulsa,1219 N. Sheridan Road,1,4
2/5/15,Ohio,Beachwood (Warrensville Heights),Harvard Road,3,3
2/1/15,New York,Syracuse,1217 West Fayette Street,0,6
2/1/15,New York,New York (Manhattan),3345 Broadway,1,4
1/31/15,Georgia,Lagrange,100 block of Woodstream Trail,4,0
1/28/15,Georgia,Dekalb County,1600 block of Panola Road,1,3
1/26/15,California,Stockton,1500 block of E. 9th Street,1,3
1/24/15,Nebraska,Omaha,3402 Parker St,3,5
1/24/15,New York,Arverne (Queens),231-11 148th Avenue,4,1
1/23/15,Massachusetts,Boston,954 Parker Street,0,6
1/20/15,Tennessee,Clarksville,321 Lansinger Lane,1,3
1/19/15,Texas,San Antonio,1000 block of Gibbs St.,2,5
1/16/15,California,Oakland,105th and Edes,2,2
1/13/15,Illinois,Rockford,700 block of Oakley Avenue,2,2
1/13/15,Virginia,Portsmouth,4100 block of Portsmouth Boulevard,0,5
1/11/15,California,San Jose,3840 Monterey Hwy,0,5
1/11/15,Florida,Lakeland,7665 Chase Road,1,3
1/11/15,North Carolina,Hope Mills,1900 block of Gumberry Road,2,5
1/10/15,Kansas,Wichita,4859 E Harry Street,2,2
1/9/15,California,San Francisco,Laguna and Page streets,4,0
1/8/15,Massachusetts,Boston,104 Harrishof Street,1,3
1/7/15,Tennessee,Chattanooga,773 West Main Street,1,3
1/6/15,Florida,Miami,1300 block of NW 62nd Street,1,3
1/4/15,Texas,Dallas,2000 block of Ben Hur St.,3,1
1/4/15,Virginia,Roanoke,3634 Shenandoah Ave NW,2,4
1/2/15,Georgia,Savannah,500 block of W. 54th Street,1,4
1/1/15,Tennessee,Memphis,Interstate 240 and Poplar Avenue,0,5
12/31/14,California,Los Angeles,81st Street and Western Avenue,1,3
12/29/14,Louisiana,New Orleans,Poydras and Bolivar,0,4
12/27/14,California,Los Angeles,8800 block of South Figueroa Street,1,3
12/27/14,California,Sacramento,4000 block of May Street,0,4
12/26/14,Illinois,East St. Louis,2500 block of Summit Avenue,1,3
12/24/14,Missouri,Saint Louis,18th and Pine,1,3
12/23/14,Kentucky,Winchester,260 Oxford Drive,1,3
12/22/14,Illinois,Chicago,5700 block of South Green Street,0,5
12/22/14,Michigan,Detroit,Charlevoix and Philip,1,3
12/22/14,New York,Webster,191 Lake Road,3,2
12/21/14,Florida,Sarasota,South Washington Boulevard,2,2
12/21/14,Illinois,Calumet City,600 block of Escanba,1,8
12/21/14,Mississippi,Waynesboro,Central Avenue,1,4
12/20/14,Illinois,Rockford,3200 block of Montrose Avenue,4,0
12/16/14,New Jersey,Elizabeth,Anna Street,0,4
12/14/14,Florida,Miami,1311 Northwest 2nd Avenue,1,4
12/13/14,Florida,Tampa,810 E. Skagway Ave.,0,5
12/12/14,Georgia,Macon,2822 Bloomfield Drive,3,3
12/12/14,Oregon,Portland,717 North Killingsworth Court,0,4
12/7/14,Indiana,South Bend,16000 block of Roosevelt Road,0,4
12/2/14,Missouri,Saint Louis,6000 block of Virginia Avenue,1,5
12/2/14,Virginia,Newport News,6128 Jefferson Ave ,0,5
11/30/14,New York,Brooklyn,375 Remsen Avenue,0,4
11/30/14,Tennessee,Chattanooga,2412 East 13th Street ,0,5
11/29/14,Georgia,Atlanta,1600 block of Richmond Avenue,3,2
11/29/14,New Jersey,Newark,348 S Orange Ave,1,3
11/28/14,Tennessee,Memphis,1849 East Brooks Road ,0,4
11/27/14,Texas,Weir,County Road 934,2,3
11/26/14,California,San Francisco,Mission and 13th streets,0,6
11/23/14,Colorado,Denver,Federal Boulevard and 16th Avenue,1,4
11/23/14,Virginia,Accomack County,Parksley Road,0,4
11/22/14,Ohio,Cleveland,1400 block of East 92nd Street,4,1
11/22/14,Ohio,Springfield,Clifton Avenue and Rice Street,1,3
11/22/14,South Dakota,Sisseton,Fourth Avenue,4,1
11/21/14,Pennsylvania,Pittsburgh,600 block of Miller Avenue,0,6
11/19/14,Illinois,Chicago,700 block of North St. Louis Avenue,1,3
11/18/14,Nevada,North Las Vegas,Englestad Street,0,4
11/16/14,Ohio,Akron,1891 East Market Street,1,4
11/16/14,Texas,El Paso,115 S. Durango,0,6
11/15/14,Florida,Miami,NW 55th and 12th,1,3
11/15/14,Missouri,Springfield,2555 N. Glenstone,4,0
11/8/14,California,Pomona,499 E. Arrow Highway,0,5
11/7/14,California,Compton,136th Street ,0,4
11/7/14,California,Los Angeles,East 126th Street and North Compton Avenue,0,4
11/5/14,California,San Francisco,1100 block of Alabama Street ,0,4
10/29/14,Tennessee,Memphis,Yale Road and Ramill Road,0,5
10/26/14,Kentucky,Cadiz,1410 Old Dover Road,4,0
10/24/14,California,Sacramento,2030 Arden Way,2,3
10/24/14,Washington,Marysville,5611 108th St Ne,5,1
10/18/14,New York,Queens,33-02 Queens Blvd,0,4
10/18/14,New York,Brooklyn,Lenox Road,0,4
10/18/14,South Carolina,Graniteville,192 Breezy Hill Road,1,3
10/16/14,Michigan,Detroit,Mogul Street,1,3
10/14/14,Georgia,Peachtree Corners,6505 Bannor Lane,3,2
10/13/14,Georgia,Atlanta,85 Mount Zion Road,0,4
10/12/14,California,Stockton,1100 block of East March Lane,3,1
10/12/14,Georgia,Atlanta,Arthur Langford Jr Place,1,3
10/11/14,New York,Utica,222 Bleecker Street,0,5
10/8/14,Georgia,Atlanta,Auburn Avenue and Edgewood Avenue,0,4
10/8/14,New York,Guilderland,1846 Western Ave,4,0
10/5/14,Florida,Jacksonville,7300 block of Linda Drive,3,1
10/5/14,Michigan,Detroit,East 7 Mile Road and Sherwood Street,1,5
10/4/14,California,Pomona,1925 West Holt Avenue ,0,4
10/4/14,Tennessee,Memphis,1400 block of Gherald Street,2,2
9/29/14,California,Fresno,2300 block of West Fountain Way ,0,4
9/29/14,South Carolina,Walterboro,29 Sandy Dam Lane,1,7
9/28/14,Florida,Miami,NW 7th Ave and NW 64th Street,0,15
9/28/14,Pennsylvania,Philadelphia,2800 block of Hope Street,0,4
9/27/14,Missouri,Saint Louis,2000 block East John Avenue,0,5
9/26/14,South Carolina,Darlington County,600 block of Turner Road,1,4
9/21/14,Ohio,East Liverpool,440 First St,0,4
9/20/14,Mississippi,Panola County,N/A,2,2
9/19/14,New York,Queens,32-14 106th St,0,4
9/18/14,Florida,Bell,NW 30th Street and NW 39th Terrace,8,0
9/15/14,Louisiana,New Orleans,Chef Menteur Highway and Dale Street,0,5
9/14/14,Alaska,Anchorage,225 E Fifth,0,6
9/14/14,Texas,Flour Bluff,229 Naval Air Station Drive,3,1
9/11/14,Michigan,Detroit,14000 block of Patton,1,7
9/6/14,Florida,Orange County,South Orange Blossom Trail,0,4
9/6/14,Georgia,Macon,576 Poplar Street,0,5
9/4/14,Michigan,Flint,2400 block of Martin Luther King Boulevard,0,5
9/3/14,California,Los Angeles,East 27th and Stanford ,0,6
9/2/14,California,Highland,25000 block of Fifth Street ,0,5
9/2/14,Mississippi,Jackson,3622 Medgar Evers Boulevard,2,3
8/31/14,California,Livermore,200 block of South Q Street ,0,5
8/29/14,Florida,Brooksville,820 Peach St,3,1
8/27/14,Michigan,Detroit,16600 block of Edmore,1,3
8/24/14,California,San Fernando,1400 block of Celis Street ,3,4
8/24/14,Georgia,Augusta,1013 Carrie Street,1,3
8/24/14,Illinois,Chicago,8300 block of South Halsted Street,1,3
8/20/14,Tennessee,Memphis,1400 block of Briarcrest Lane,0,5
8/18/14,Louisiana,Saint Martinville,Main and Hyacinth streets,0,4
8/17/14,California,East Palo Alto,Purdue Street and Georgetown Avenue,1,3
8/17/14,Massachusetts,Boston,Edinboro Street,0,4
8/17/14,Nevada,Las Vegas,Owens Avenue and H Street,0,4
8/17/14,New York,Queens,153-38 118th Ave,0,4
8/16/14,New Jersey,Plainfield,West 3rd Street and Monroe Avenue,1,3
8/16/14,Utah,Salt Lake City,122 Pierpont Avenue,0,6
8/14/14,Tennessee,Memphis,797 Pope Street,1,3
8/13/14,Louisiana,New Orleans,New Orleans and North Rocheblave streets,0,4
8/13/14,Tennessee,Clarksville,Treeland Drive,0,4
8/12/14,Georgia,Bartow County,Brent Circle,2,3
8/12/14,New York,Buffalo,Oakmont Avenue,1,3
8/10/14,California,Moreno Valley,16300 block of Heather Glen Road ,0,7
8/10/14,District of Columbia,Washington,N Street SW,0,6
8/10/14,Georgia,Wrightsville,N/A,0,6
8/10/14,Louisiana,New Orleans,5400 block of Burgundy Street,2,5
8/9/14,Minnesota,Minneapolis,400 3rd Ave N,1,8
8/8/14,District of Columbia,Washington,Second Street and Todd Place NE,0,4
8/8/14,New Mexico,Albuquerque,3426 Vassar NE,1,3
8/8/14,Wisconsin,Milwaukee,3000 block of N. 28th Street ,0,4
8/6/14,California,Bakersfield,1700 block of Quincy Street ,3,1
8/4/14,Georgia,Atlanta,1100 block of Joseph E. Boone Boulevard NW,0,5
8/3/14,Missouri,Saint Louis,5200 block of Thekla ,0,5
8/3/14,Tennessee,Columbia,East 9th Street and Bridge Street,0,5
8/3/14,Texas,Spring,T.C Jester and FM 1960,0,7
8/3/14,Virginia,Culpeper,4400 block of Rixeyville Road,5,0
8/2/14,Massachusetts,New Bedford,Acushnet Avenue,0,7
8/2/14,Pennsylvania,Pittsburgh,Penn Avenue and 29th Street,1,5
8/2/14,Texas,Dallas,5125 Wynell Street,3,1
8/2/14,Wisconsin,Beloit,1218 Henry Ave,1,3
8/1/14,Pennsylvania,Philadelphia,1500 block of South Etting Street,1,3
7/30/14,North Carolina,Fayetteville,Bramblegate Road,3,2
7/30/14,North Carolina,Cumberland County,5100 New Moon Drive,3,3
7/28/14,Pennsylvania,Philadelphia,4900 block of North Front Street,1,4
7/27/14,Missouri,Saint Louis,2000 block of East John Avenue,0,5
7/26/14,Arkansas,Pine Bluff,N/A,1,3
7/26/14,Georgia,Sylvester,Royal Street,0,8
7/26/14,Maine,Saco,35 Water Street,5,0
7/25/14,Illinois,Chicago,700 South California Avenue,1,6
7/23/14,Pennsylvania,North Braddock,700 block of Hickory Street,0,4
7/21/14,New Jersey,Irvington,36 Welland Avenue,0,6
7/21/14,Tennessee,Memphis,300 block of Foote Park Lane,0,4
7/20/14,Illinois,Washington Park,5103 Bunkhum Road,1,3
7/20/14,Missouri,Saint Louis,5100 block of Bunkum Road,1,3
7/20/14,Nevada,Las Vegas,Rancho Drive 3400 block ,1,3
7/19/14,Illinois,Chicago,1300 North Mason Avenue,0,4
7/14/14,California,Sacramento,Fulton Avenue ,1,4
7/13/14,Connecticut,Stamford,84 West Park Place,0,5
7/13/14,District of Columbia,Washington,1700 block of Lincoln Road NE,0,4
7/13/14,Washington,Skyway,12600 Renton Avenue South ,0,5
7/12/14,California,Pasadena,1700 block of Summit Avenue,3,2
7/12/14,California,Pasadena,1700 block of Summit Avenue,3,2
7/11/14,Illinois,Chicago,5200 West Quincy Street,1,3
7/9/14,Texas,Spring,711 Leaflet Lane,6,1
7/8/14,Rhode Island,Providence,35 March Street,0,5
7/7/14,California,San Bernardino,312  E Baseline Street ,1,4
7/7/14,Kentucky,Stopover,KY 194E,0,4
7/6/14,Florida,Miami-Dade,Northwest 20th Avenue and Northwest 62nd Street,2,2
7/6/14,Missouri,Saint Louis,4600 block of Natural Bridge Avenue,0,4
7/6/14,New York,Buffalo,100 block of Erb Street,0,4
7/5/14,Illinois,Centreville,4700 Piggott Avenue,0,5
7/5/14,Indiana,Indianapolis,Broad Ripple Avenue,0,7
7/5/14,Michigan,Kalamazoo,N/A,0,4
7/5/14,Oregon,Portland,333 SE 122ND Ave,1,4
7/5/14,Texas,Houston,1700 Almeda-Genoa,0,6
7/5/14,Virginia,Norfolk,861 W. 36th Street,0,7
7/4/14,Virginia,Norfolk,1722 Thurgood Street,0,5
7/2/14,Pennsylvania,Chester,1400 block of West Congress Street,0,5
7/2/14,Pennsylvania,Chester,9th and Tilghman Streets,0,5
6/30/14,Kentucky,Lexington,Scottsdale Circle,1,3
6/29/14,California,Los Angeles,1100 block of North Vermont Avenue,1,5
6/29/14,Louisiana,New Orleans,700 Bourbon Street,1,9
6/29/14,Missouri,Saint Louis,2800 block of Dayton,0,4
6/28/14,California,Antioch,5500 Cedar Point Way,0,7
6/28/14,New York,Manhattan,Fifth Avenue and West 139th Street,0,4
6/27/14,California,San Diego,1600 block of Cathy Street,1,3
6/27/14,California,Imperial Beach,1600 block of Cathy Street,1,3
6/27/14,Michigan,Detroit,Grand Street and Lasalle Street,2,2
6/26/14,Michigan,Detroit,Grand St,2,2
6/26/14,Wisconsin,Milwaukee,24th and Locust,0,5
6/25/14,Massachusetts,Lowell,Midland Street,0,5
6/24/14,Florida,Miami,Northwest 12th Avenue and 65th Street ,2,7
6/22/14,California,Windsor,Windsor Avenue,1,3
6/21/14,District of Columbia,Washington Dc,Florida Avenue and U Street NW,0,4
6/21/14,Tennessee,Memphis,2119 East Alcy Road,0,5
6/20/14,Maryland,Seat Pleasant,6600 block of Greig Street,0,4
6/15/14,Illinois,Park Forest,200 Berry Street,0,4
6/15/14,Indiana,Kokomo,5100 Clinton Drive,0,4
6/13/14,California,Los Angeles,8600 block of South Figueroa Street,3,1
6/9/14,New Jersey,Paterson,Rosa Parks Boulevard and Godwin Avenue,0,6
6/8/14,Alabama,Opp,611 Hardin Street,1,4
6/7/14,Michigan,Oak Park,10811 W. Ten Mile Rd.,1,3
6/7/14,South Carolina,Moncks Corner,Tish Lane,1,5
6/3/14,Georgia,Atlanta,Auburn Avenue,1,4
6/2/14,Illinois,Chicago,2660 E. 79th St,0,7
6/1/14,California,Sacramento,6500 46th Street,0,4
6/1/14,Illinois,Chicago,West Ferdinand Street and North Lavergne Avenue ,1,5
5/31/14,California,San Bernardino,N/A,1,3
5/25/14,Ohio,Toledo,2100 block of Joffre Avenue,1,3
5/24/14,Michigan,Detroit,Strathmoor Street,0,4
5/24/14,South Carolina,Myrtle Beach,Ocean Boulevard near First Avenue North,3,1
5/23/14,California,Goleta (Isla Vista),840 Embarcadero Del Norte,4,8
5/23/14,California,Bellflower,9541 Flower Street,2,2
5/23/14,Louisiana,New Orleans,6200 block of Eads Street,1,7
5/21/14,Texas,Dallas,4500 block of Village Fair Drive,1,3
5/18/14,Ohio,Sandusky,1643 Cleveland Rd,0,7
5/17/14,California,Coachella,84000 block of Pedro Drive ,1,3
5/17/14,District of Columbia,Washington,2200 block of Adams Place NE,0,5
5/13/14,Georgia,Atlanta,Panther Trail and Childress Drive,0,5
5/12/14,Illinois,Chicago,3400 West 24th Street,0,4
5/11/14,California,Sacramento,Peregrine Park,1,6
5/11/14,Tennessee,Memphis,2517 Shasta,0,7
5/10/14,California,Sacramento,Natomas,1,6
5/10/14,Georgia,Stone Mountain,1100 To Lani Farm Road,1,3
5/10/14,Georgia,Decatur,Shamrock Drive ,2,3
5/4/14,Colorado,Wheat Ridge,12100 W 44th,0,4
5/4/14,Illinois,Chicago,500 West Erie Street,1,3
5/3/14,Arkansas,Jonesboro,2201 Moore Road; Dalton Farmer Drive; County Road 664,4,4
4/30/14,Illinois,Chicago,7200 South Phillips Avenue,0,4
4/29/14,Georgia,Kennesaw,1675 Airport Road,1,6
4/27/14,New York,Troy,Fourth Street,0,5
4/25/14,Tennessee,Memphis,2000 Chelsea Avenue,2,3
4/22/14,California,Los Angeles,6419 Brynhurst Avenue,1,3
4/20/14,Florida,Tampa,2902 N. 32nd St.,2,2
4/20/14,Illinois,Chicago,6600 South Michigan Ave,0,5
4/20/14,Illinois,Montgomery,1300 block of Jackson Street,0,6
4/14/14,District of Columbia,Washington Dc,1500 block of 19th Street,0,4
4/12/14,Louisiana,New Orleans,2100 block of Pauger Street,1,3
4/11/14,Indiana,Richmond,North 15th and H Streets,0,4
4/9/14,Illinois,Rockford,300 North Sunset,0,4
4/9/14,Tennessee,Lookout Valley,Kellys Ferry Road and Kellys Ferry Place,3,1
4/7/14,Louisiana,New Orleans,500 block of South Alexander Street,0,4
4/6/14,Massachusetts,Springfield,90 Worthington St.,0,4
4/6/14,Oklahoma,Oklahoma City,Northwest 29th Street and Portland Avenue,0,4
4/5/14,Arizona,Phoenix,West Palm Lane near 54th Avenue,1,3
4/5/14,California,Fairfield,Orchid Street ,0,4
4/5/14,Illinois,Chicago,4300 W Wilcox Street,1,5
4/2/14,Texas,Fort Hood,Motor Pool Road and Tank Destroyer Boulevard,4,16
3/30/14,Mississippi,Starkville,N/A,0,5
3/30/14,North Carolina,Charlotte,4300 Sunset Road,0,5
3/23/14,California,Long Beach,601 Long Beach Boulevard,1,3
3/23/14,California,San Francisco,Turk and Taylor,0,7
3/23/14,California,Long Beach,6th Street and Long Beach Boulevard,1,3
3/23/14,Texas,Arlington,2700 Majesty Drive,1,3
3/21/14,South Carolina,North Charleston,7550 Dorchester Road,0,4
3/16/14,Georgia,Waynesboro,4960 Highway 80 West ,0,4
3/16/14,Texas,Beaumont,Fourth Street,3,1
3/14/14,New York,Brooklyn,S. Second and Roebling Sts,0,4
3/9/14,Ohio,Fremont,531 W State St,3,1
3/9/14,Texas,Austin, 4900 block of West Race Avenue,0,6
3/8/14,California,Richmond,1600 block of First Street,1,3
3/8/14,Illinois,Chicago,4900 West Race Ave,0,6
3/5/14,South Carolina,Pelzer,Law Street,3,2
3/1/14,Michigan,Detroit,7800 Gratiot Av.,0,4
3/1/14,Pennsylvania,Pittsburgh,Hamilton Avenue,1,4
2/25/14,Virginia,Glade Spring,Graceland Lane,5,1
2/22/14,California,Harbor City,1200 block of West Papeete Street,0,4
2/20/14,California,Alturas,300 W 1st St,4,1
2/20/14,Indiana,Indianapolis,3400 block of South Parker,4,0
2/16/14,Florida,Orange County,4500 block of Riviera Shores ,1,6
2/16/14,Florida,Jacksonville,1187 S. Edgewood Ave.,1,4
2/16/14,Indiana,Fort Wayne,Lafayette Street and East Tillman Road,0,5
2/16/14,Texas,Fort Worth, 115 NW 25th St.,1,4
2/16/14,Texas,Dallas,2600 block of South Harwood Street,1,7
2/15/14,Nevada,Las Vegas,Sahara and Maryland ,0,5
2/12/14,California,Oakland,37th and International ,1,3
2/12/14,California,Stockton,Constitution Park,1,3
2/12/14,Indiana,Gary,2220 block of South Broadway Av,0,5
2/7/14,Florida,Miami,Northwest 41st Street and 9th Avenue ,0,5
2/6/14,Louisiana,New Orleans,4600 block of Downman Road,0,4
2/5/14,Illinois,Chicago,6740 N. Clark St,1,3
2/3/14,Indiana,Franklin,2100 block of Bridlewood Dr,3,2
1/27/14,North Carolina,Rocky Mount,Edwards Street ,0,4
1/27/14,Washington,Seattle,2nd Avenue South and South Main Street,1,4
1/25/14,Florida,Belle Glade,600 block of Covenant Drive,0,4
1/25/14,Illinois,Chicago,S. Union Av and W. 51st St,1,4
1/21/14,New Jersey,Newark,Springfield Avenue ,2,3
1/20/14,Virginia,Manassas,8509 Rixlew Ln,0,4
1/16/14,Oklahoma,Ardmore,N/A,2,4
1/16/14,Utah,Spanish Fork,37 N. 630 West ,5,0
1/14/14,California,Los Angeles,West 86th Street,0,4
1/13/14,Michigan,Detroit,800 block of Calvert St,0,4
1/12/14,Alabama,Huntsville,University Drive,0,5
1/12/14,Illinois,Elgin,300 block of North Street,0,5
1/12/14,Louisiana,Tallulah,N/A,0,6
1/11/14,Oregon,Portland,Southeast Stark and 99th ,0,5
1/11/14,Texas,Tallulah,U.S. Highway 80 at the Madison and Richland Parish line,0,6
1/3/14,New York,Queens,Farmers Boulevard and 133rd Avenue,1,3
1/1/14,Virginia,Norfolk,Rockingham Street and Berkley Avenue Extended,2,2
12/31/13,New York,Brooklyn,60 Glenmore Ave,0,6
12/28/13,Alabama,Montgomery,954 Highland Ave,3,5
12/26/13,Louisiana,Slidell,2144 First St,2,6
12/26/13,Louisiana,Lockport,313 Tenth St,3,3
12/25/13,New Jersey,Irvington,Nye Avenue and 21st Street,3,2
12/25/13,New York,Medford,33A Cedarhurst Ave,1,3
12/22/13,Michigan,Fruitland Township,2300 block of West McMillan Road,1,3
12/21/13,New Jersey,Trenton,Jersey Street and Home Avenue,1,4
12/21/13,North Carolina,Shelby,Jose Street,0,4
12/15/13,Florida,Homestead (Florida City),7th Avenue and 13th Terrace,1,3
12/15/13,Texas,Channelview,900 block of Ashland Boulevard,0,5
12/14/13,North Carolina,Statesville,167 Wallace Springs,0,4
12/7/13,Delaware,Wilmington,3421 Kirkwood Hwy,0,4
12/1/13,Florida,Miami,NW 64th Street and 12th Avenue,2,2
12/1/13,Kansas,Topeka,"1629 SW Central Park,",4,0
11/30/13,Georgia,Valdosta,Gordon Street and North Ashley Street,0,4
11/30/13,Michigan,Lansing,N/A,0,5
11/29/13,California,Fresno,Oleander and Modoc,0,4
11/29/13,Indiana,Indianapolis,3400 block of East 34th Street,0,4
11/28/13,New York,Rochester,St. Paul Boulevard and Andrews Street,0,3
11/25/13,California,Oakland,96th Avenue and Olive Street,0,7
11/25/13,Minnesota,Minneapolis,1611 E Lake St,1,3
11/23/13,Oklahoma,Tulsa,Pine Street and Harvard Avenue,4,1
11/21/13,Pennsylvania,Philadelphia,1400 block of N. 60th Street,0,4
11/20/13,Texas,Houston,8200 block of Sunbury,3,2
11/15/13,Texas,Houston,4400 block of Tiffany,1,3
11/11/13,New York,Brooklyn,318 Maujer St,4,1
11/10/13,Arizona,Phoenix,5800 South 53rd Glen,1,3
11/10/13,Ohio,Canton,1215 Tuscarawas St W,1,3
11/9/13,Texas,Cypress,7300 block of Enchanted Creek Drive,2,16
11/7/13,Michigan,Detroit,Conley and 7 Mile,3,7
11/5/13,District of Columbia,Washington,3900 block of Minnesota Ave,0,4
11/5/13,Florida,Jacksonville,1100 block of Randolph,4,0
11/3/13,California,Los Angeles,1 World Way,1,3
11/3/13,California,Perris,2900 block of Perris Boulevard,0,5
11/2/13,Kentucky,Radcliff,355 Shelby Avenue,1,3
10/29/13,South Carolina,Bradley (Callison),Callison Highway,5,0
10/27/13,California,Roseville,N/A,0,0
10/27/13,California,Vallejo,200 block of Princeton Avenue,1,6
10/27/13,North Carolina,Southern Pines,115 Turner St,1,4
10/27/13,Texas,Beaumont,500 block of Edgemore Drive,0,4
10/26/13,Connecticut,New Haven,85 Saint John St,1,5
10/26/13,Florida,Miami Gardens,NW 187 Street and 30 Avenue,0,4
10/21/13,Pennsylvania,Pittsburgh (Homewood),7200 block of Kelly Street,2,5
10/20/13,Florida,Miami,19600 block of Southwest 168th Street,2,2
10/20/13,Florida,Margate,7400 block of Santa Monica Drive,0,4
10/13/13,Pennsylvania,Harrisburg,1524 Walnut St,0,8
10/12/13,Oklahoma,Tulsa,12000 E 31st St,0,5
10/9/13,Texas,Paris,400 block of NE 6th Street,4,0
10/6/13,Arizona,Avondale,11120 W Van Buren St,0,4
10/6/13,Pennsylvania,Philadelphia,54th St. and Florence Ave,1,5
10/5/13,California,Fresno,3883 E. Calwa #114,1,12
10/5/13,New York,Buffalo,102  Zelmer Street,0,4
10/2/13,Nebraska,Omaha,North 42nd and Browne streets,0,4
9/29/13,Illinois,Chicago,6000 block of South Indiana Avenue,0,4
9/27/13,Ohio,Zanesville,753 Putnam Ave,0,4
9/25/13,North Carolina,Haw River,1003 W. Main St,0,4
9/24/13,West Virginia,Huntington,300 W 7th Ave,0,6
9/22/13,Kansas,Wichita,100 block of N. Mead,1,6
9/22/13,Michigan,Muskego,149 Ottawa Ave,2,4
9/22/13,Missouri,Saint Louis,3916 North Florissant Road,1,3
9/21/13,Florida,Palm Beach,2600 block of Forest Hill Boulevard,0,4
9/20/13,California,Long Beach,6500 block of Rose Avenue,2,2
9/20/13,Texas,Rice,N/A,5,0
9/19/13,Illinois,Chicago,1809 W 50th St,0,12
9/18/13,Tennessee,Memphis,1033 Whitaker,1,4
9/17/13,California,Stockton,700 block of North Airport Way,2,3
9/17/13,Florida,Kissimmee,Flying Fortress Avenue,0,5
9/17/13,Michigan,Lansing,1500 block of Ottawa Street,0,4
9/17/13,Nevada,Las Vegas,1300 block of Bartlett Avenue,0,4
9/16/13,District of Columbia,Washington Navy Yard,1336 Isaac Hull Ave,11,3
9/15/13,Colorado,Colorado Springs,1609 South Nevada,0,5
9/15/13,Georgia,Snellville,4630 Anderson Livsey Lane,3,1
9/15/13,Washington,Yakima,2209 W Nob Hill Blvd,0,6
9/14/13,North Carolina,Marion,80 Finley Road,0,4
9/12/13,District of Columbia,Washington,First Street and Pierce Street NW,1,3
9/12/13,Tennessee,Crab Orchard,N/A,4,0
9/11/13,New York,New York,204 Varick St,0,4
9/10/13,Connecticut,Bridgeport,Reservoir Ave and Grandview Ave,1,4
9/7/13,Indiana,Gary,9300 block of Sunrise Boulevard,2,4
9/7/13,Missouri,Saint Louis,5000 block of Durant Avenueu,1,3
9/5/13,North Carolina,Charlotte,2500 block of Pinckney Avenue,0,4
8/25/13,California,Oakland,1300 block of 104th Avenue,0,4
8/25/13,Florida,Lake Butler,1050 Southeast 6th Street,4,1
8/25/13,Minnesota,Minneapolis,2600 block of Cedar and 2600 block of 18th Avenue South,2,2
8/25/13,South Carolina,Latta,214 Willis St,1,3
8/20/13,Maryland,Baltimore,1200 block of S. Carey St,2,2
8/19/13,Illinois,Chicago,1011 W. Wilson,1,4
8/18/13,Illinois,Chicago,100 block of South Springfield,1,3
8/18/13,Missouri,Saint Louis,3100 block of Olive,0,4
8/18/13,New Jersey,Port Norris,1600 block of North Avenue,0,4
8/18/13,Ohio,Toledo,2272 Scottwood Ave,0,4
8/18/13,South Carolina,Chesterfield,3217 Center Point Rd,1,4
8/17/13,California,San Francisco,1738 Telegraph Avenue,0,4
8/14/13,Oklahoma,Oklahoma City,4601 SE 79,4,0
8/13/13,Pennsylvania,Philadelphia,1100 block of Divinity Street,0,4
8/11/13,New York,Brooklyn,395 East 48th Street,0,4
8/11/13,Virginia,Portsmouth,1100 block of Mt. Vernon Ave,1,4
8/10/13,Delaware,Wilmington,1200 block of Second Street,0,4
8/9/13,Missouri,Saint Louis,4200 block of East Kossuth,2,2
8/7/13,Texas,Dallas,7100 block of Long Canyon Trail,4,4
8/6/13,New Jersey,Montclair,Mission Street,0,4
8/6/13,Pennsylvania,Saylorsburg,1000 Ross Municipal Dr,3,4
8/4/13,California,Salinas,624 Williams Road,3,4
8/4/13,Missouri,Kansas City,2400 block of  Park Avenue,1,3
8/3/13,Michigan,Detroit,Murray Hill St,0,5
8/2/13,Indiana,Indianapolis,62nd and College Ave,0,4
8/2/13,New Jersey,Newark,Livingston St. and 18th Avenue,2,3
7/30/13,New Mexico,Lea (county),2000 block of North Bensing Road,0,4
7/29/13,Washington,Granger,300 block of S. Outlook Rd.,0,4
7/26/13,Florida,Hialeah,1485 W 46th St,7,0
7/26/13,West Virginia,Clarksburg,743 Locust Avenue,4,0
7/25/13,Michigan,Inkster,Oakwood Street,0,4
7/24/13,Kansas,Topeka,221 SE Lawrence St,0,4
7/21/13,New York,Brooklyn,1445 Lincoln Place,0,4
7/20/13,New York,Brooklyn,Grove Street,0,5
7/19/13,California,Madera,Yosemite Avenue and Cleveland,0,4
7/19/13,Connecticut,Hartford,3155 Main St,0,4
7/17/13,California,Oakland,3400 block of Wilson Avenue,1,3
7/14/13,Kansas,Wichita,11th Street and Mead,1,4
7/14/13,Michigan,Grand Rapids (Kentwood),4000 block of Farmview,0,5
7/13/13,District of Columbia,Washington,2700 block of Stanton Road,0,4
7/13/13,New Jersey,Trenton (Hamilton Township),1100 block of Deutz Road,1,4
7/13/13,Ohio,Campbell,Seventh Street,0,4
7/13/13,Oklahoma,Oklahoma City,5405 N. Lincoln Blvd,1,3
7/12/13,California,San Francisco,3192 16th St,1,3
7/12/13,Kentucky,Greensburg,194 C Mays Rd,2,2
7/11/13,North Carolina,Charlotte,6300 block of Reagan Drive,2,2
7/9/13,Illinois,Rockford,600 block of Woodlawn Avenue,2,2
7/9/13,Maryland,Baltimore,600 block of N. Carrollton Ave,0,4
7/7/13,California,Stockton,2600 block of Connecticut Avenue,1,4
7/7/13,Florida,Pompano Beach,1600 block of Northwest 7th Lane,1,3
7/7/13,Illinois,Chicago,11300 block of South Forest Avenue,0,5
7/7/13,Mississippi,Meridian,2500 block of 5th Street,0,4
7/6/13,Alabama,Florence,West Mobile Street,0,4
7/6/13,New York,Brooklyn,472 Marcy Avenue,1,3
7/4/13,Illinois,Chicago,6000 block of South Cottage Grove Avenue,0,4
7/4/13,Michigan,Pontiac,441 N Perry St,1,6
7/1/13,Texas,Fort Worth,2900 block of Pate Drive,4,0
6/30/13,Colorado,Aurora,2300 block of Paris St,0,4
6/30/13,New York,Brooklyn,616 E. 52nd Street,0,9
6/29/13,South Carolina,North Charleston,4400 Dorchester Road; Suite 115,3,1
6/28/13,Illinois,Chicago,4800 block of North Sheridan Road,0,6
6/27/13,California,Three Rivers,N/A,2,2
6/25/13,Illinois,Chicago,73rd Street and King Drive,1,4
6/24/13,Missouri,Kansas City,1711 Kansas Avenue,1,3
6/23/13,California,Sacramento,Sea Drift Way,1,3
6/23/13,Louisiana,New Orleans,5700 block of Wickfield Drive,0,4
6/23/13,Missouri,Kansas City,1917 Prospect Ave,1,8
6/23/13,Tennessee,Chattanooga,1501 Dodds Ave,1,4
6/23/13,Virginia,Virginia Beach,4600 block of Columbus Street,1,4
6/22/13,Maryland,Baltimore,700 block of N. Kenwood Avenue,1,4
6/22/13,Rhode Island,Providence,55 Curtis,0,4
6/21/13,Illinois,Chicago,2900 block of North Kilpatrick Avenue,1,3
6/21/13,North Carolina,Greenville,205 Greenville Blvd SW,0,5
6/21/13,Virginia,Norfolk,1225 Tidewater Drive,0,6
6/16/13,Illinois,Chicago,900block of East 79th Street,1,3
6/15/13,Rhode Island,Providence,256 Hartford Ave,1,3
6/15/13,Tennessee,Nashville,N/A,0,4
6/15/13,Texas,Houston,9780 Bissonnet,1,3
6/14/13,North Carolina,High Point,2201 Little Avenue,0,5
6/10/13,Illinois,Chicago,5700 block of South Sangamon Street,1,2
6/10/13,Missouri,St Louis,4700 block of Highland Avenue,0,6
6/9/13,Pennsylvania,York,600 block of West Princess Street,0,4
6/7/13,California,Santa Monica,2036 Yorkshire Avenue,6,1
6/2/13,Georgia,Lagrange,Union Street,0,7
6/2/13,Indiana,Indianapolis,1913 East 46th Street,0,4
6/2/13,Virginia,Virginia Beach,4000 block of Roebling Lane,0,7
6/1/13,California,Vallejo,1st block of Linfield Drive,2,2
6/1/13,Wisconsin,Milwaukee,4126 N Teutonia Ave,0,4
5/31/13,Georgia,Atlanta,1000 block of Fair Street,0,4
5/29/13,Illinois,Chicago,N/A,0,4
5/28/13,Tennessee,Memphis,2850 Brewer Avenue,1,3
5/25/13,Michigan,Flint,1100 block of Paterson,1,3
5/25/13,Virginia,Hampton,1900 block of Coliseum Drive,1,4
5/24/13,California,Bakersfield,3700 block of Columbus Street,2,2
5/23/13,Tennessee,Bean Station,1034 Main Street,2,2
5/20/13,Illinois,Chicago,5200 block of West Iowa Street,0,4
5/19/13,Michigan,Detroit,N/A,0,4
5/19/13,Tennessee,Memphis,2281 Ketchum Rd,2,2
5/18/13,Virginia,Lunenburg County (county),2073 Pleasant Oak Road,0,4
5/16/13,Pennsylvania,Philadelphia,2600 block of Daggett Street,0,4
5/15/13,Michigan,Detroit,9000 block of Carlin,1,4
5/13/13,Ohio,Cincinnati,Kings Run Road,0,4
5/12/13,Arizona,Apache Junction,3600 block of East Apache Trail,0,5
5/12/13,Louisiana,New Orleans,Frenchmen Street,0,19
5/11/13,Indiana,Waynesville,East Main Cross Street,5,0
5/11/13,New Jersey,Jersey City,Fremont Street,0,4
5/11/13,Pennsylvania,Philadelphia,21st Street and Medary Avenue,0,4
5/10/13,California,Los Angeles,1600 block of West 205th Street,3,1
5/6/13,Pennsylvania,Johnstown,Horner and Messenger streets,0,4
5/5/13,California,Palo Alto,Bay Road and University Avenue,0,5
5/4/13,North Carolina,Smithfield,150 South Equity Drive,0,4
5/2/13,New Jersey,Newark,804 S. 16th St,0,5
4/28/13,North Carolina,Charlotte,William Reynolds Drive,0,5
4/28/13,Pennsylvania,Chester,Rose and Upland Street,1,3
4/28/13,Tennessee,Jackson,438 East Main Street,2,2
4/27/13,Florida,Williston,County Road 318,1,3
4/25/13,Ohio,Oberlin,500 block of West College Street,0,4
4/24/13,Illinois,Manchester,East Street,6,1
4/22/13,Illinois,Chicago (Englewood),5700 block of South Lowe Avenue,0,4
4/22/13,Louisiana,Harvey,2300 block of Lapalco Boulevard,0,5
4/21/13,Washington,Federal Way,33300 block of 18th Lane South,5,0
4/18/13,Ohio,Akron,Kimlyn Circle,4,0
4/14/13,Arizona,Phoenix,12400 North 25th Avenue,2,4
4/14/13,Kentucky,Lexington,750 East New Circle Rd,1,4
4/10/13,California,Vallejo,1800 block of Mini Drive,0,4
4/9/13,Pennsylvania,Philadelphia,Somerset Street and Lee Street,1,3
4/7/13,California,Long Beach,300 block of East Home Street,1,3
4/7/13,New York,New York (Manhattan),900 Garden Way,1,3
4/6/13,South Carolina,Greenwood,Tabor Street,1,4
3/31/13,Washington,Auburn,2802 Auburn Way North,3,2
3/30/13,California,Merced (county),9200 block of Westside Boulevard,3,2
3/22/13,New York,Brooklyn,2703 W. 33rd Street,1,3
3/21/13,Illinois,Chicago,West 87th Street and Ashland Avenue,0,7
3/21/13,Kansas,Kansas City,4900 block of Brookside Boulevard,1,1
3/17/13,California,Stockton,1800 block of East Sonora Street,2,3
3/17/13,Florida,Belle Glade,Northwest 16th Street and Northwest Avenue L,0,5
3/16/13,California,Galt,Dover Drive,0,7
3/14/13,California,Modesto,1400 block of Western Way,0,4
3/13/13,California,Oceanside,504 Calle Montecito,2,2
3/13/13,New York,Mohawk,17 W Main St,6,2
3/11/13,District of Columbia,Washington,1200 North Capitol Street,0,13
3/10/13,Kansas,Kansas City,84th Street and 9331 Hillcrest Road,0,5
3/7/13,Mississippi,Jackson,2900 block of Greenwood Avenue,2,2
3/5/13,Indiana,Indianapolis,1800 block of Edinburge Square,1,3
3/4/13,California,Los Banos,800 block of La Mesa Lane,1,3
3/3/13,Georgia,Moultrie,224 Second Street Northwest,2,2
3/3/13,Michigan,Saginaw (county),4030 Dixie Hwy,0,4
3/2/13,Louisiana,Shreveport,7000 block of Burlingame Boulevard,1,3
2/24/13,Georgia,Macon,2800 block of Mercer University Drive,0,8
2/23/13,California,Lancaster,43145 Business Center Parkway,0,4
2/22/13,Michigan,Grand Rapids,1447 Grandville Ave. SW,0,4
2/21/13,Oklahoma,Tulsa,1200 block of North 89th East Avenue,1,3
2/19/13,California,Orange (county),Katella Avenue,4,3
2/12/13,Utah,Midvale,8286 Adams Street and 450 West Street,4,1
2/11/13,California,Vallejo,800 block of Humboldt Street,1,4
2/11/13,Delaware,Wilmington,500 North King Street,3,2
2/9/13,Louisiana,New Orleans,400 block of Bourbon Street,0,4
2/7/13,Illinois,Chicago,2500 block of East 75th Street,0,4
2/3/13,California,Yuba (county),5800 block of Poplar Avenue,1,3
2/2/13,Tennessee,Memphis,2514 Mount Moriah,0,5
1/26/13,District of Columbia,Washington,2403 Benning Road Northeast,0,5
1/26/13,Louisiana,Charenton,1000 block of Flat Town Road,2,3
1/26/13,Ohio,Springfield,601 West Main Street,1,3
1/25/13,Missouri,Saint Louis,Broadway and Riverview,1,3
1/23/13,Maryland,Baltimore,1500 block of W. Fayette St.,1,6
1/23/13,Tennessee,Chattanooga,1501 Dodds Ave.,1,3
1/21/13,California,Brentwood,1100 block of Breton Drive,0,4
1/21/13,Louisiana,New Orleans,LaSalle Street and Martin Luther King Jr. Boulevard,0,5
1/19/13,New Mexico,Albuquerque,2806 Long Lane,5,0
1/7/13,Oklahoma,Tulsa,6000 block of South Owasso,4,0
1/1/13,California,Hawthorne,13500 block of Cerise Avenue,1,3
1/1/13,Pennsylvania,Mckeesport,1506 Versailles Avenue and Coursin Street,0,4